ward,schedule_day
"['MCKG', 'KTC']",25
"['MCKG', 'KTC']",4
"['KCN', 'KCZ']",8
"['KCN', 'KCZ']",10
"['KCN', 'KCZ']",15
"['KCZ', 'KCN']",15
"['KCZ', 'KCN']",4
"['KCN', 'KCZ']",8
"['KCN', 'KCZ']",8
"['KCN', 'KCZ']",8
"['KCZ', 'KCN']",10
"['KCN', 'KCZ']",10
"['KCZ', 'KCN']",15
"['KCN', 'KCZ']",15
"['KCN', 'KCZ']",15
"['KCZ', 'KCN']",15
"['KCZ', 'KCN']",15
"['KCZ', 'KCN']",15
"['KCN', 'KCZ']",22
"['KCZ', 'KCN']",22
"['KCZ', 'KCN']",22
"['KCN', 'KCZ']",15
"['KCZ', 'KCN']",15
"['KCN', 'KCZ']",15
"['KCZ', 'KCN']",15
"['KCN', 'KCZ']",22
"['KCZ', 'KCN']",22
"['KCZ', 'KCN']",22
"['KCZ', 'KCN']",25
"['KCN', 'KCZ']",15
"['KCN', 'KCZ']",22
"['KCZ', 'KCN']",22
"['KCN', 'KCZ']",22
"['KCZ', 'KCN']",22
"['KCZ', 'KCN']",22
"['KCZ', 'KCN']",22
"['KCZ', 'KCN']",25
"['KCN', 'KCZ']",25
"['KCZ', 'KCN']",25
"['KCZ', 'KCN']",25
"['KCZ', 'KCN']",1
"['KCZ', 'KCN']",1
"['KCN', 'KCZ']",15
"['KCN', 'KCZ']",15
"['KCZ', 'KCN']",15
"['KCN', 'KCZ']",15
"['KCZ', 'KCN']",15
"['KCN', 'KCZ']",4
"['KCN', 'KCZ']",15
"['KCN', 'KCZ']",15
"['KCZ', 'KCN']",15
"['KCN', 'KCZ']",15
"['KCZ', 'KCN']",15
"['KCN', 'KCZ']",17
"['KCN', 'KCZ']",17
"['KCZ', 'KCN']",17
"['KCZ', 'KCN']",17
"['KCZ', 'KCN']",18
"['KCZ', 'KCN']",18
"['KCZ', 'KCN']",18
"['KCN', 'KCZ']",18
"['KCZ', 'KCN']",18
"['KCN', 'KCZ']",22
"['KCZ', 'KCN']",22
"['KCN', 'KCZ']",22
"['KCZ', 'KCN']",22
"['KCZ', 'KCN']",22
"['KCZ', 'KCN']",25
"['KCN', 'KCZ']",25
"['KCZ', 'KCN']",25
"['KCZ', 'KCN']",25
"['KCZ', 'KCN']",25
"['KCZ', 'KCN']",25
"['KCN', 'KCZ']",1
"['KCZ', 'KCN']",1
"['KCZ', 'KCN']",3
"['KCZ', 'KCN']",3
"['KCN', 'KCZ']",8
"['KCN', 'KCZ']",8
"['KCZ', 'KCN']",15
"['KCN', 'KCZ']",22
"['KCZ', 'KCN']",22
"['MCKG', 'KTC']",4
"['KCN', 'KCZ']",15
"['KCZ', 'KCN']",15
"['KCN', 'KCZ']",15
"['KCZ', 'KCN']",15
"['KCN', 'KCZ']",17
"['KCZ', 'KCN']",17
"['KCZ', 'KCN']",18
"['KCZ', 'KCN']",18
"['KCZ', 'KCN']",18
"['KCN', 'KCZ']",18
"['KCZ', 'KCN']",18
"['KCN', 'KCZ']",22
"['KCN', 'KCZ']",22
"['KCZ', 'KCN']",22
"['KCN', 'KCZ']",22
"['KCZ', 'KCN']",22
"['KCZ', 'KCN']",22
"['KCN', 'KCZ']",22
"['KCZ', 'KCN']",25
"['KCN', 'KCZ']",25
"['KCZ', 'KCN']",25
"['KCZ', 'KCN']",25
"['KCZ', 'KCN']",25
"['KCZ', 'KCN']",25
"['KCN', 'KCZ']",8
"['MCKG', 'KTC']",8
"['KCN', 'KCZ']",15
"['KCZ', 'KCN']",15
"['KCN', 'KCZ']",15
"['KCZ', 'KCN']",15
"['KCZ', 'KCN']",15
"['KCN', 'KCZ']",17
"['KCZ', 'KCN']",17
"['KCZ', 'KCN']",17
"['KCZ', 'KCN']",18
"['KCZ', 'KCN']",18
"['KCN', 'KCZ']",18
"['KCZ', 'KCN']",18
"['KCN', 'KCZ']",22
"['KCN', 'KCZ']",22
"['KCZ', 'KCN']",22
"['KCN', 'KCZ']",22
"['KCZ', 'KCN']",22
"['KCZ', 'KCN']",22
"['KCZ', 'KCN']",22
"['KCN', 'KCZ']",24
"['KCZ', 'KCN']",25
"['KCN', 'KCZ']",25
"['KCZ', 'KCN']",25
"['KCZ', 'KCN']",25
"['KCZ', 'KCN']",25
"['KCN', 'KCZ']",8
"['KCN', 'KCZ']",8
"['KCN', 'KCZ']",8
"['KCZ', 'KCN']",10
"['KCN', 'KCZ']",10
"['KCN', 'KCZ']",10
"['KCZ', 'KCN']",10
"['KCN', 'KCZ']",10
"['KCZ', 'KCN']",15
"['KCN', 'KCZ']",15
"['KCN', 'KCZ']",15
"['KCN', 'KCZ']",15
"['KCZ', 'KCN']",15
"['KCN', 'KCZ']",15
"['KCZ', 'KCN']",15
"['KCZ', 'KCN']",17
"['KCZ', 'KCN']",17
"['KCZ', 'KCN']",17
"['KCZ', 'KCN']",17
"['KCZ', 'KCN']",18
"['KCZ', 'KCN']",18
"['MCKG', 'KTC']",21
"['KCN', 'KCZ']",22
"['KCZ', 'KCN']",22
"['KCN', 'KCZ']",22
"['KCN', 'KCZ']",22
"['KCZ', 'KCN']",22
"['KCN', 'KCZ']",22
"['KCZ', 'KCN']",22
"['KCZ', 'KCN']",22
"['KCZ', 'KCN']",22
"['KCZ', 'KCN']",22
"['KCN', 'KCZ']",22
"['KCN', 'KCZ']",24
"['KCZ', 'KCN']",24
"['KCN', 'KCZ']",24
"['KCZ', 'KCN']",24
"['KCZ', 'KCN']",24
"['KCZ', 'KCN']",25
"['KCZ', 'KCN']",25
"['KCZ', 'KCN']",25
"['KCZ', 'KCN']",25
"['KCZ', 'KCN']",25
"['KCZ', 'KCN']",25
"['KCZ', 'KCN']",25
"['KCZ', 'KCN']",25
"['KCZ', 'KCN']",1
"['KCN', 'KCZ']",10
"['MCKG', 'KTC']",21
"['KCN', 'KCZ']",22
"['MCKG', 'KTC']",22
"['KCZ', 'KCN']",25
"['MCKG', 'KTC']",8
"['KCN', 'KCZ']",22
"['KCN', 'KCZ']",22
"['KCZ', 'KCN']",22
"['KCZ', 'KCN']",25
"['MCKG', 'KTC']",8
"['KCN', 'KCZ']",8
"['KCN', 'KCZ']",10
"['KCZ', 'KCN']",25
"['KCN', 'KCZ']",25
"['KCZ', 'KCN']",25
"['KCZ', 'KCN']",25
"['KCN', 'KCZ']",25
"['KCZ', 'KCN']",25
"['KCZ', 'KCN']",25
"['KCZ', 'KCN']",25
"['KCZ', 'KCN']",25
"['MCKG', 'KTC']",11
"['MCKG', 'KTC']",18
"['KCN', 'KCZ']",22
"['KCZ', 'KCN']",25
"['KCN', 'KCZ']",25
"['KCZ', 'KCN']",25
"['KCZ', 'KCN']",25
"['KCN', 'KCZ']",1
"['KCZ', 'KCN']",1
"['KCZ', 'KCN']",1
"['KCZ', 'KCN']",1
"['MCKG', 'KTC']",4
"['KCZ', 'KCN']",10
"['KCN', 'KCZ']",10
"['KCN', 'KCZ']",10
"['KCN', 'KCZ']",10
"['KCZ', 'KCN']",10
"['KCN', 'KCZ']",10
"['KCZ', 'KCN']",11
"['KCZ', 'KCN']",11
"['KCZ', 'KCN']",11
"['KCN', 'KCZ']",15
"['KCN', 'KCZ']",22
"['KCZ', 'KCN']",22
"['KCN', 'KCZ']",22
"['KCZ', 'KCN']",22
"['KCN', 'KCZ']",24
"['KCZ', 'KCN']",25
"['KCN', 'KCZ']",25
"['KCZ', 'KCN']",25
"['KCZ', 'KCN']",1
"['KCN', 'KCZ']",10
"['KCZ', 'KCN']",10
"['KCN', 'KCZ']",10
"['KCN', 'KCZ']",15
"['KCZ', 'KCN']",15
"['KCZ', 'KCN']",15
"['KCN', 'KCZ']",22
"['KCZ', 'KCN']",22
"['KCZ', 'KCN']",25
"['KCN', 'KCZ']",25
"['KCZ', 'KCN']",25
"['KCZ', 'KCN']",25
"['KCZ', 'KCN']",1
"['KCZ', 'KCN']",1
"['KCN', 'KCZ']",8
"['KCN', 'KCZ']",10
"['KCN', 'KCZ']",15
"['KCZ', 'KCN']",15
"['KCN', 'KCZ']",15
"['KCZ', 'KCN']",15
"['KCZ', 'KCN']",17
"['KCZ', 'KCN']",18
"['KCZ', 'KCN']",18
"['KCN', 'KCZ']",18
"['KCZ', 'KCN']",18
"['KCN', 'KCZ']",22
"['KCN', 'KCZ']",22
"['KCZ', 'KCN']",22
"['KCN', 'KCZ']",22
"['KCZ', 'KCN']",22
"['KCZ', 'KCN']",22
"['KCN', 'KCZ']",22
"['KCZ', 'KCN']",25
"['KCN', 'KCZ']",25
"['KCZ', 'KCN']",1
"['KCZ', 'KCN']",1
"['KCN', 'KCZ']",22
"['KCZ', 'KCN']",25
"['KCN', 'KCZ']",25
"['KCZ', 'KCN']",25
"['KCZ', 'KCN']",1
"['MCKG', 'KTC']",4
"['MCKG', 'KTC']",18
"['KCN', 'KCZ']",22
"['KCN', 'KCZ']",22
"['KCZ', 'KCN']",22
"['KCN', 'KCZ']",22
"['KCZ', 'KCN']",22
"['KCZ', 'KCN']",22
"['KCZ', 'KCN']",22
"['KCN', 'KCZ']",22
"['KCZ', 'KCN']",24
"['KCN', 'KCZ']",24
"['KCZ', 'KCN']",24
"['KCZ', 'KCN']",25
"['KCN', 'KCZ']",25
"['KCZ', 'KCN']",25
"['KCZ', 'KCN']",25
"['KCZ', 'KCN']",25
"['KCZ', 'KCN']",25
"['KCZ', 'KCN']",25
"['KCN', 'KCZ']",1
"['KCZ', 'KCN']",1
"['MCKG', 'KTC']",1
"['KCZ', 'KCN']",1
"['KCZ', 'KCN']",3
"['KCZ', 'KCN']",4
"['KCZ', 'KCN']",4
"['KCZ', 'KCN']",4
"['KCN', 'KCZ']",8
"['KCN', 'KCZ']",15
"['KCZ', 'KCN']",15
"['KCN', 'KCZ']",15
"['KCZ', 'KCN']",15
"['KCN', 'KCZ']",22
"['KCN', 'KCZ']",22
"['KCZ', 'KCN']",22
"['MCKG', 'KTC']",8
"['MCKG', 'KTC']",8
"['MCKG', 'KTC']",8
"['MCKG', 'KTC']",8
"['MCKG', 'KTC']",11
"['KCN', 'KCZ']",22
"['KCZ', 'KCN']",22
"['KCN', 'KCZ']",22
"['KCZ', 'KCN']",22
"['KCZ', 'KCN']",22
"['KCZ', 'KCN']",22
"['KCZ', 'KCN']",25
"['KCZ', 'KCN']",25
"['KCZ', 'KCN']",25
"['KCZ', 'KCN']",1
"['KCN', 'KCZ']",22
"['KCZ', 'KCN']",22
"['KCZ', 'KCN']",1
"['KCN', 'KCZ']",10
"['KCN', 'KCZ']",22
"['KCZ', 'KCN']",22
"['KCN', 'KCZ']",22
"['KCZ', 'KCN']",22
"['KCZ', 'KCN']",22
"['KCN', 'KCZ']",1
"['KCN', 'KCZ']",1
"['KCZ', 'KCN']",1
"['KCN', 'KCZ']",1
"['KCZ', 'KCN']",1
"['KCZ', 'KCN']",1
"['KCN', 'KCZ']",3
"['KCZ', 'KCN']",3
"['KCZ', 'KCN']",3
"['KCZ', 'KCN']",3
"['KCZ', 'KCN']",3
"['KCZ', 'KCN']",4
"['KCZ', 'KCN']",4
"['KCN', 'KCZ']",4
"['KCZ', 'KCN']",4
"['KCN', 'KCZ']",8
"['KCN', 'KCZ']",10
"['KCN', 'KCZ']",15
"['KCZ', 'KCN']",15
"['KCN', 'KCZ']",15
"['KCZ', 'KCN']",15
"['KCZ', 'KCN']",15
"['KCZ', 'KCN']",18
"['KCZ', 'KCN']",18
"['KCZ', 'KCN']",18
"['KCN', 'KCZ']",18
"['KCZ', 'KCN']",18
"['KCN', 'KCZ']",22
"['KCN', 'KCZ']",22
"['KCN', 'KCZ']",22
"['KCZ', 'KCN']",22
"['KCN', 'KCZ']",22
"['KCN', 'KCZ']",22
"['KCZ', 'KCN']",22
"['KCZ', 'KCN']",22
"['KCN', 'KCZ']",22
"['KCZ', 'KCN']",24
"['KCN', 'KCZ']",24
"['KCZ', 'KCN']",24
"['KCZ', 'KCN']",25
"['KCN', 'KCZ']",25
"['KCZ', 'KCN']",25
"['KCZ', 'KCN']",25
"['KCZ', 'KCN']",25
"['KCZ', 'KCN']",25
"['KCZ', 'KCN']",25
"['KCZ', 'KCN']",25
"['KCN', 'KCZ']",8
"['KCN', 'KCZ']",8
"['KCN', 'KCZ']",15
"['KCN', 'KCZ']",15
"['KCN', 'KCZ']",15
"['KCZ', 'KCN']",15
"['KCZ', 'KCN']",15
"['KCZ', 'KCN']",17
"['KCZ', 'KCN']",17
"['KCZ', 'KCN']",17
"['KCZ', 'KCN']",17
"['KCZ', 'KCN']",18
"['KCN', 'KCZ']",18
"['KCN', 'KCZ']",22
"['KCZ', 'KCN']",22
"['KCN', 'KCZ']",22
"['KCN', 'KCZ']",22
"['KCZ', 'KCN']",22
"['KCN', 'KCZ']",22
"['KCN', 'KCZ']",22
"['KCZ', 'KCN']",22
"['KCZ', 'KCN']",22
"['KCN', 'KCZ']",22
"['KCZ', 'KCN']",24
"['KCN', 'KCZ']",24
"['KCN', 'KCZ']",24
"['KCZ', 'KCN']",24
"['KCN', 'KCZ']",24
"['KCZ', 'KCN']",25
"['KCN', 'KCZ']",25
"['KCZ', 'KCN']",25
"['KCZ', 'KCN']",25
"['KCN', 'KCZ']",25
"['KCZ', 'KCN']",25
"['KCZ', 'KCN']",25
"['KCZ', 'KCN']",25
"['KCZ', 'KCN']",1
"['KCZ', 'KCN']",1
"['KCZ', 'KCN']",15
"['KCN', 'KCZ']",22
"['KCZ', 'KCN']",22
"['KCN', 'KCZ']",22
"['KCZ', 'KCN']",22
"['KCN', 'KCZ']",24
"['KCZ', 'KCN']",24
"['KCN', 'KCZ']",24
"['KCN', 'KCZ']",1
"['KCZ', 'KCN']",1
"['KCN', 'KCZ']",15
"['KCN', 'KCZ']",15
"['KCN', 'KCZ']",15
"['KCZ', 'KCN']",15
"['KCN', 'KCZ']",15
"['KCZ', 'KCN']",15
"['KCZ', 'KCN']",15
"['KCZ', 'KCN']",15
"['KCN', 'KCZ']",16
"['KCN', 'KCZ']",17
"['KCN', 'KCZ']",17
"['KCZ', 'KCN']",17
"['KCZ', 'KCN']",17
"['KCZ', 'KCN']",17
"['KCZ', 'KCN']",18
"['KCZ', 'KCN']",18
"['KCN', 'KCZ']",18
"['KCZ', 'KCN']",18
"['KCN', 'KCZ']",22
"['KCN', 'KCZ']",22
"['KCZ', 'KCN']",22
"['KCN', 'KCZ']",22
"['KCZ', 'KCN']",22
"['KCZ', 'KCN']",22
"['KCZ', 'KCN']",22
"['KCZ', 'KCN']",22
"['KCN', 'KCZ']",22
"['KCN', 'KCZ']",23
"['KCN', 'KCZ']",24
"['KCZ', 'KCN']",24
"['KCN', 'KCZ']",24
"['KCZ', 'KCN']",25
"['KCZ', 'KCN']",25
"['KCZ', 'KCN']",25
"['KCN', 'KCZ']",25
"['KCZ', 'KCN']",25
"['KCZ', 'KCN']",25
"['KCZ', 'KCN']",25
"['KCZ', 'KCN']",25
"['KCZ', 'KCN']",25
"['KCN', 'KCZ']",1
"['KCZ', 'KCN']",1
"['KCN', 'KCZ']",8
"['KCN', 'KCZ']",8
"['KCN', 'KCZ']",8
"['KCN', 'KCZ']",22
"['KCZ', 'KCN']",22
"['KCN', 'KCZ']",22
"['KCZ', 'KCN']",22
"['KCZ', 'KCN']",22
"['KCN', 'KCZ']",8
"['KCN', 'KCZ']",8
"['KCN', 'KCZ']",8
"['KCZ', 'KCN']",8
"['KCZ', 'KCN']",15
"['KCN', 'KCZ']",15
"['KCN', 'KCZ']",15
"['KCZ', 'KCN']",15
"['KCN', 'KCZ']",15
"['KCZ', 'KCN']",15
"['KCN', 'KCZ']",17
"['KCN', 'KCZ']",22
"['KCZ', 'KCN']",22
"['KCN', 'KCZ']",22
"['KCN', 'KCZ']",22
"['KCZ', 'KCN']",22
"['KCN', 'KCZ']",22
"['KCZ', 'KCN']",22
"['KCZ', 'KCN']",22
"['KCN', 'KCZ']",22
"['KCN', 'KCZ']",24
"['KCZ', 'KCN']",24
"['KCZ', 'KCN']",25
"['KCZ', 'KCN']",1
"['MCKG', 'KTC']",8
"['MCKG', 'KTC']",8
"['KCN', 'KCZ']",15
"['KCN', 'KCZ']",15
"['KCZ', 'KCN']",15
"['KCN', 'KCZ']",15
"['KCZ', 'KCN']",15
"['KCZ', 'KCN']",17
"['KCN', 'KCZ']",17
"['KCN', 'KCZ']",17
"['KCZ', 'KCN']",17
"['KCZ', 'KCN']",17
"['KCZ', 'KCN']",17
"['KCZ', 'KCN']",17
"['KCZ', 'KCN']",17
"['KCZ', 'KCN']",18
"['KCZ', 'KCN']",18
"['KCZ', 'KCN']",18
"['KCZ', 'KCN']",18
"['KCN', 'KCZ']",18
"['KCN', 'KCZ']",18
"['KCZ', 'KCN']",18
"['KCN', 'KCZ']",22
"['KCN', 'KCZ']",22
"['KCZ', 'KCN']",22
"['KCN', 'KCZ']",22
"['KCZ', 'KCN']",22
"['KCZ', 'KCN']",22
"['KCZ', 'KCN']",22
"['MCKG', 'KTC']",22
"['KCN', 'KCZ']",22
"['KCN', 'KCZ']",24
"['KCN', 'KCZ']",24
"['KCZ', 'KCN']",25
"['KCZ', 'KCN']",25
"['KCZ', 'KCN']",25
"['KCZ', 'KCN']",25
"['KCZ', 'KCN']",25
"['KCZ', 'KCN']",25
"['KCZ', 'KCN']",1
"['MCKG', 'KTC']",1
"['MCKG', 'KTC']",1
"['KCZ', 'KCN']",1
"['KCN', 'KCZ']",8
"['MCKG', 'KTC']",11
"['KCN', 'KCZ']",22
"['KCZ', 'KCN']",25
"['KCN', 'KCZ']",25
"['KCN', 'KCZ']",1
"['KCZ', 'KCN']",1
"['KCZ', 'KCN']",10
"['KCN', 'KCZ']",10
"['KCZ', 'KCN']",10
"['KCN', 'KCZ']",10
"['KCN', 'KCZ']",15
"['KCN', 'KCZ']",15
"['KCZ', 'KCN']",15
"['KCN', 'KCZ']",15
"['KCZ', 'KCN']",15
"['KCZ', 'KCN']",15
"['KCN', 'KCZ']",16
"['KCZ', 'KCN']",17
"['KCN', 'KCZ']",17
"['KCZ', 'KCN']",17
"['KCZ', 'KCN']",17
"['KCZ', 'KCN']",17
"['KCZ', 'KCN']",17
"['KCZ', 'KCN']",17
"['KCZ', 'KCN']",17
"['KCZ', 'KCN']",18
"['KCZ', 'KCN']",18
"['KCN', 'KCZ']",18
"['KCN', 'KCZ']",18
"['KCZ', 'KCN']",18
"['KCN', 'KCZ']",22
"['KCN', 'KCZ']",22
"['KCZ', 'KCN']",22
"['KCN', 'KCZ']",22
"['KCZ', 'KCN']",22
"['KCZ', 'KCN']",22
"['KCZ', 'KCN']",22
"['KCZ', 'KCN']",22
"['KCN', 'KCZ']",22
"['KCZ', 'KCN']",24
"['KCN', 'KCZ']",24
"['KCZ', 'KCN']",25
"['KCN', 'KCZ']",25
"['KCZ', 'KCN']",25
"['KCZ', 'KCN']",25
"['KCN', 'KCZ']",1
"['KCN', 'KCZ']",1
"['KCN', 'KCZ']",1
"['KCZ', 'KCN']",1
"['KCN', 'KCZ']",1
"['KCZ', 'KCN']",1
"['KCZ', 'KCN']",1
"['KCN', 'KCZ']",8
"['KCZ', 'KCN']",8
"['KCN', 'KCZ']",8
"['KCN', 'KCZ']",8
"['KCN', 'KCZ']",8
"['KCZ', 'KCN']",8
"['KCZ', 'KCN']",10
"['KCZ', 'KCN']",10
"['KCN', 'KCZ']",10
"['KCN', 'KCZ']",10
"['KCN', 'KCZ']",10
"['KCZ', 'KCN']",10
"['KCN', 'KCZ']",10
"['KCN', 'KCZ']",15
"['KCZ', 'KCN']",15
"['KCN', 'KCZ']",15
"['KCZ', 'KCN']",15
"['KCZ', 'KCN']",15
"['KCN', 'KCZ']",22
"['KCZ', 'KCN']",25
"['KCN', 'KCZ']",25
"['KCZ', 'KCN']",25
"['KCZ', 'KCN']",25
"['KCN', 'KCZ']",25
"['KCZ', 'KCN']",25
"['KCZ', 'KCN']",25
"['KCZ', 'KCN']",25
"['KCN', 'KCZ']",1
"['KCZ', 'KCN']",1
"['KCZ', 'KCN']",1
"['KCZ', 'KCN']",4
"['KCZ', 'KCN']",4
"['KCN', 'KCZ']",4
"['KCZ', 'KCN']",4
"['MCKG', 'KTC']",8
"['MCKG', 'KTC']",8
"['MCKG', 'KTC']",8
"['KCZ', 'KCN']",10
"['KCN', 'KCZ']",10
"['KCZ', 'KCN']",10
"['KCN', 'KCZ']",10
"['KCZ', 'KCN']",11
"['KCN', 'KCZ']",11
"['MCKG', 'KTC']",11
"['KCZ', 'KCN']",11
"['KCN', 'KCZ']",15
"['KCN', 'KCZ']",15
"['KCZ', 'KCN']",15
"['KCN', 'KCZ']",15
"['KCZ', 'KCN']",15
"['KCZ', 'KCN']",15
"['KCN', 'KCZ']",18
"['KCN', 'KCZ']",22
"['KCZ', 'KCN']",22
"['KCZ', 'KCN']",22
"['KCN', 'KCZ']",22
"['KCN', 'KCZ']",22
"['KCZ', 'KCN']",22
"['KCZ', 'KCN']",22
"['KCZ', 'KCN']",22
"['KCZ', 'KCN']",25
"['KCZ', 'KCN']",25
"['KCZ', 'KCN']",25
"['KCN', 'KCZ']",1
"['KCN', 'KCZ']",1
"['KCZ', 'KCN']",1
"['KCN', 'KCZ']",8
"['MCKG', 'KTC']",8
"['KCN', 'KCZ']",8
"['KCN', 'KCZ']",15
"['KCZ', 'KCN']",15
"['KCZ', 'KCN']",18
"['KCN', 'KCZ']",15
"['KCN', 'KCZ']",22
"['KCN', 'KCZ']",22
"['KCZ', 'KCN']",22
"['KCZ', 'KCN']",22
"['KCN', 'KCZ']",22
"['KCZ', 'KCN']",22
"['KCN', 'KCZ']",8
"['KCN', 'KCZ']",8
"['KCN', 'KCZ']",8
"['KCN', 'KCZ']",8
"['KCZ', 'KCN']",8
"['MCKG', 'KTC']",11
"['MCKG', 'KTC']",11
"['KCN', 'KCZ']",15
"['KCZ', 'KCN']",15
"['KCN', 'KCZ']",22
"['KCZ', 'KCN']",22
"['KCN', 'KCZ']",22
"['KCZ', 'KCN']",22
"['KCZ', 'KCN']",22
"['KCZ', 'KCN']",22
"['KCN', 'KCZ']",25
"['KCZ', 'KCN']",25
"['KCZ', 'KCN']",25
"['KCZ', 'KCN']",25
"['KCN', 'KCZ']",1
"['KCZ', 'KCN']",1
"['KCN', 'KCZ']",1
"['KCN', 'KCZ']",1
"['KCZ', 'KCN']",1
"['KCZ', 'KCN']",1
"['KCN', 'KCZ']",3
"['KCZ', 'KCN']",3
"['KCZ', 'KCN']",3
"['KCZ', 'KCN']",3
"['KCZ', 'KCN']",4
"['KCZ', 'KCN']",4
"['KCZ', 'KCN']",4
"['KCZ', 'KCN']",4
"['KCZ', 'KCN']",4
"['KCN', 'KCZ']",4
"['KCZ', 'KCN']",4
"['KCZ', 'KCN']",4
"['KCN', 'KCZ']",8
"['KCZ', 'KCN']",8
"['KCN', 'KCZ']",8
"['KCN', 'KCZ']",8
"['KCN', 'KCZ']",8
"['KCZ', 'KCN']",8
"['KCZ', 'KCN']",10
"['KCZ', 'KCN']",10
"['KCN', 'KCZ']",10
"['KCN', 'KCZ']",10
"['KCZ', 'KCN']",10
"['KCZ', 'KCN']",10
"['KCN', 'KCZ']",10
"['KCN', 'KCZ']",11
"['KCZ', 'KCN']",11
"['KCZ', 'KCN']",15
"['KCN', 'KCZ']",15
"['KCN', 'KCZ']",15
"['KCN', 'KCZ']",15
"['KCN', 'KCZ']",15
"['KCZ', 'KCN']",15
"['KCZ', 'KCN']",15
"['KCN', 'KCZ']",17
"['KCZ', 'KCN']",17
"['KCZ', 'KCN']",17
"['KCZ', 'KCN']",17
"['KCZ', 'KCN']",17
"['KCZ', 'KCN']",18
"['KCZ', 'KCN']",18
"['KCZ', 'KCN']",18
"['KCZ', 'KCN']",18
"['KCZ', 'KCN']",18
"['KCN', 'KCZ']",18
"['KCN', 'KCZ']",22
"['KCN', 'KCZ']",22
"['KCZ', 'KCN']",22
"['KCN', 'KCZ']",22
"['KCN', 'KCZ']",22
"['KCZ', 'KCN']",22
"['KCZ', 'KCN']",22
"['KCZ', 'KCN']",22
"['KCN', 'KCZ']",22
"['KCZ', 'KCN']",24
"['KCN', 'KCZ']",24
"['KCN', 'KCZ']",8
"['KCN', 'KCZ']",8
"['KCN', 'KCZ']",8
"['KCN', 'KCZ']",10
"['KCZ', 'KCN']",11
"['KCZ', 'KCN']",11
"['KCN', 'KCZ']",15
"['KCN', 'KCZ']",15
"['KCZ', 'KCN']",15
"['KCN', 'KCZ']",15
"['KCZ', 'KCN']",15
"['KCZ', 'KCN']",15
"['KCZ', 'KCN']",17
"['KCZ', 'KCN']",18
"['KCZ', 'KCN']",18
"['KCZ', 'KCN']",18
"['KCZ', 'KCN']",18
"['KCN', 'KCZ']",18
"['KCN', 'KCZ']",18
"['KCZ', 'KCN']",18
"['KCN', 'KCZ']",22
"['KCZ', 'KCN']",22
"['KCN', 'KCZ']",22
"['KCN', 'KCZ']",22
"['KCZ', 'KCN']",22
"['KCN', 'KCZ']",22
"['KCZ', 'KCN']",22
"['KCZ', 'KCN']",22
"['KCZ', 'KCN']",22
"['KCN', 'KCZ']",22
"['KCZ', 'KCN']",25
"['KCN', 'KCZ']",25
"['KCZ', 'KCN']",25
"['KCZ', 'KCN']",25
"['KCZ', 'KCN']",25
"['KCZ', 'KCN']",25
"['KCN', 'KCZ']",1
"['KCN', 'KCZ']",1
"['KCN', 'KCZ']",1
"['KCZ', 'KCN']",1
"['KCZ', 'KCN']",1
"['KCZ', 'KCN']",1
"['KCN', 'KCZ']",15
"['KCZ', 'KCN']",15
"['KCZ', 'KCN']",15
"['KCN', 'KCZ']",22
"['KCZ', 'KCN']",15
"['KCN', 'KCZ']",22
"['KCZ', 'KCN']",22
"['KCN', 'KCZ']",22
"['KCZ', 'KCN']",22
"['KCZ', 'KCN']",22
"['KCZ', 'KCN']",25
"['KCN', 'KCZ']",25
"['MCKG', 'KTC']",25
"['KCZ', 'KCN']",25
"['KCZ', 'KCN']",25
"['MCKG', 'KTC']",25
"['MCKG', 'KTC']",25
"['MCKG', 'KTC']",1
"['KCZ', 'KCN']",3
"['KCZ', 'KCN']",4
"['MCKG', 'KTC']",4
"['KCN', 'KCZ']",4
"['KCN', 'KCZ']",8
"['KCN', 'KCZ']",8
"['KCN', 'KCZ']",8
"['KCZ', 'KCN']",8
"['KCZ', 'KCN']",10
"['KCN', 'KCZ']",10
"['KCZ', 'KCN']",10
"['KCN', 'KCZ']",15
"['KCN', 'KCZ']",15
"['KCZ', 'KCN']",15
"['KCN', 'KCZ']",15
"['KCZ', 'KCN']",17
"['KCZ', 'KCN']",17
"['KCZ', 'KCN']",17
"['KCN', 'KCZ']",22
"['KCN', 'KCZ']",22
"['KCZ', 'KCN']",22
"['KCZ', 'KCN']",24
"['KCN', 'KCZ']",24
"['KCZ', 'KCN']",25
"['KCN', 'KCZ']",25
"['KCZ', 'KCN']",25
"['KCZ', 'KCN']",25
"['KCZ', 'KCN']",25
"['KCN', 'KCZ']",1
"['KCZ', 'KCN']",1
"['KCN', 'KCZ']",8
"['KCN', 'KCZ']",8
"['KCZ', 'KCN']",15
"['KCN', 'KCZ']",22
"['KCN', 'KCZ']",24
"['KCZ', 'KCN']",25
"['KCZ', 'KCN']",25
"['KCZ', 'KCN']",25
"['KCZ', 'KCN']",25
"['KCN', 'KCZ']",25
"['KCZ', 'KCN']",25
"['KCZ', 'KCN']",25
"['KCN', 'KCZ']",8
"['KCN', 'KCZ']",8
"['KCN', 'KCZ']",8
"['KCZ', 'KCN']",9
"['KCZ', 'KCN']",10
"['KCN', 'KCZ']",10
"['KCZ', 'KCN']",10
"['KCN', 'KCZ']",10
"['KCZ', 'KCN']",11
"['KCN', 'KCZ']",11
"['KCZ', 'KCN']",11
"['KCZ', 'KCN']",15
"['KCN', 'KCZ']",15
"['KCN', 'KCZ']",15
"['KCN', 'KCZ']",15
"['KCZ', 'KCN']",15
"['KCN', 'KCZ']",15
"['KCZ', 'KCN']",15
"['KCN', 'KCZ']",17
"['KCZ', 'KCN']",17
"['KCZ', 'KCN']",17
"['KCZ', 'KCN']",17
"['KCZ', 'KCN']",17
"['KCZ', 'KCN']",17
"['KCZ', 'KCN']",18
"['KCZ', 'KCN']",18
"['KCZ', 'KCN']",18
"['KCZ', 'KCN']",18
"['KCN', 'KCZ']",18
"['KCN', 'KCZ']",18
"['KCZ', 'KCN']",18
"['KCN', 'KCZ']",22
"['KCN', 'KCZ']",22
"['KCZ', 'KCN']",22
"['KCZ', 'KCN']",22
"['KCZ', 'KCN']",22
"['KCN', 'KCZ']",22
"['KCN', 'KCZ']",24
"['KCZ', 'KCN']",25
"['KCZ', 'KCN']",25
"['KCN', 'KCZ']",25
"['KCZ', 'KCN']",25
"['KCZ', 'KCN']",25
"['KCN', 'KCZ']",25
"['KCZ', 'KCN']",25
"['KCZ', 'KCN']",25
"['KCZ', 'KCN']",25
"['KCN', 'KCZ']",1
"['KCN', 'KCZ']",1
"['KCN', 'KCZ']",1
"['KCZ', 'KCN']",1
"['KCN', 'KCZ']",1
"['KCZ', 'KCN']",1
"['KCZ', 'KCN']",1
"['KCN', 'KCZ']",8
"['KCZ', 'KCN']",10
"['KCN', 'KCZ']",10
"['KCZ', 'KCN']",10
"['KCN', 'KCZ']",10
"['MCKG', 'KTC']",11
"['KCZ', 'KCN']",11
"['MCKG', 'KTC']",4
"['KCN', 'KCZ']",22
"['KCZ', 'KCN']",22
"['KCZ', 'KCN']",22
"['KCZ', 'KCN']",25
"['KCN', 'KCZ']",10
"['KCN', 'KCZ']",22
"['KCN', 'KCZ']",22
"['KCZ', 'KCN']",22
"['KCN', 'KCZ']",22
"['KCZ', 'KCN']",22
"['KCZ', 'KCN']",22
"['KCZ', 'KCN']",22
"['KCN', 'KCZ']",22
"['KCN', 'KCZ']",24
"['KCZ', 'KCN']",24
"['KCZ', 'KCN']",25
"['KCN', 'KCZ']",25
"['KCZ', 'KCN']",25
"['KCZ', 'KCN']",25
"['KCZ', 'KCN']",25
"['KCZ', 'KCN']",25
"['KCZ', 'KCN']",25
"['KCZ', 'KCN']",25
"['KCN', 'KCZ']",1
"['KCN', 'KCZ']",1
"['KCZ', 'KCN']",1
"['KCZ', 'KCN']",1
"['KCZ', 'KCN']",1
"['KCZ', 'KCN']",3
"['KCN', 'KCZ']",3
"['KCZ', 'KCN']",3
"['KCZ', 'KCN']",3
"['KCZ', 'KCN']",3
"['KCZ', 'KCN']",4
"['KCZ', 'KCN']",4
"['KCN', 'KCZ']",4
"['KCN', 'KCZ']",8
"['MCKG', 'KTC']",8
"['KCN', 'KCZ']",10
"['MCKG', 'KTC']",11
"['MCKG', 'KTC']",11
"['KCZ', 'KCN']",15
"['KCN', 'KCZ']",15
"['KCN', 'KCZ']",15
"['KCZ', 'KCN']",15
"['KCN', 'KCZ']",15
"['KCZ', 'KCN']",15
"['KCZ', 'KCN']",15
"['KCZ', 'KCN']",18
"['KCZ', 'KCN']",18
"['KCN', 'KCZ']",18
"['KCN', 'KCZ']",22
"['KCN', 'KCZ']",22
"['KCZ', 'KCN']",22
"['KCN', 'KCZ']",22
"['KCZ', 'KCN']",22
"['KCZ', 'KCN']",22
"['KCZ', 'KCN']",22
"['KCN', 'KCZ']",24
"['KCZ', 'KCN']",25
"['KCN', 'KCZ']",25
"['KCZ', 'KCN']",25
"['KCZ', 'KCN']",25
"['KCZ', 'KCN']",25
"['KCZ', 'KCN']",25
"['KCN', 'KCZ']",1
"['KCN', 'KCZ']",10
"['KCN', 'KCZ']",15
"['KCZ', 'KCN']",15
"['KCN', 'KCZ']",15
"['MCKG', 'KTC']",25
"['KCZ', 'KCN']",1
"['KCZ', 'KCN']",3
"['KCZ', 'KCN']",3
"['KCZ', 'KCN']",4
"['MCKG', 'KTC']",4
"['KCN', 'KCZ']",8
"['MCKG', 'KTC']",8
"['KCN', 'KCZ']",8
"['KCN', 'KCZ']",8
"['MCKG', 'KTC']",8
"['MCKG', 'KTC']",8
"['KCZ', 'KCN']",8
"['KCN', 'KCZ']",10
"['KCZ', 'KCN']",10
"['KCZ', 'KCN']",11
"['KCN', 'KCZ']",11
"['MCKG', 'KTC']",11
"['KCZ', 'KCN']",11
"['MCKG', 'KTC']",11
"['MCKG', 'KTC']",11
"['KCN', 'KCZ']",15
"['KCZ', 'KCN']",15
"['KCN', 'KCZ']",15
"['MCKG', 'KTC']",15
"['MCKG', 'KTC']",15
"['KCZ', 'KCN']",15
"['MCKG', 'KTC']",18
"['MCKG', 'KTC']",21
"['KCN', 'KCZ']",22
"['KCZ', 'KCN']",22
"['KCN', 'KCZ']",22
"['KCZ', 'KCN']",22
"['KCZ', 'KCN']",22
"['KCZ', 'KCN']",25
"['KCN', 'KCZ']",25
"['MCKG', 'KTC']",25
"['KCZ', 'KCN']",25
"['KCZ', 'KCN']",25
"['MCKG', 'KTC']",25
"['MCKG', 'KTC']",25
"['MCKG', 'KTC']",25
"['MCKG', 'KTC']",25
"['KCN', 'KCZ']",1
"['KCN', 'KCZ']",1
"['KCZ', 'KCN']",1
"['KCZ', 'KCN']",1
"['KCZ', 'KCN']",1
"['MCKG', 'KTC']",1
"['MCKG', 'KTC']",1
"['MCKG', 'KTC']",1
"['KCZ', 'KCN']",1
"['MCKG', 'KTC']",1
"['KCZ', 'KCN']",3
"['KCZ', 'KCN']",3
"['KCZ', 'KCN']",3
"['KCZ', 'KCN']",4
"['MCKG', 'KTC']",4
"['KCN', 'KCZ']",4
"['MCKG', 'KTC']",4
"['MCKG', 'KTC']",7
"['KCN', 'KCZ']",8
"['MCKG', 'KTC']",8
"['KCN', 'KCZ']",8
"['KCN', 'KCZ']",8
"['KCN', 'KCZ']",8
"['MCKG', 'KTC']",8
"['MCKG', 'KTC']",8
"['MCKG', 'KTC']",8
"['KCZ', 'KCN']",8
"['KCN', 'KCZ']",9
"['KCN', 'KCZ']",9
"['KCZ', 'KCN']",9
"['KCZ', 'KCN']",10
"['KCN', 'KCZ']",10
"['KCN', 'KCZ']",10
"['KCN', 'KCZ']",10
"['KCZ', 'KCN']",10
"['KCN', 'KCZ']",10
"['KCZ', 'KCN']",10
"['KCZ', 'KCN']",10
"['KCZ', 'KCN']",11
"['KCZ', 'KCN']",11
"['KCZ', 'KCN']",11
"['KCZ', 'KCN']",11
"['KCZ', 'KCN']",11
"['KCZ', 'KCN']",15
"['KCN', 'KCZ']",15
"['KCN', 'KCZ']",15
"['KCZ', 'KCN']",15
"['KCN', 'KCZ']",15
"['KCZ', 'KCN']",15
"['KCZ', 'KCN']",17
"['KCN', 'KCZ']",17
"['KCZ', 'KCN']",17
"['KCZ', 'KCN']",17
"['KCZ', 'KCN']",18
"['KCZ', 'KCN']",18
"['KCN', 'KCZ']",22
"['KCN', 'KCZ']",22
"['KCN', 'KCZ']",22
"['KCZ', 'KCN']",22
"['KCN', 'KCZ']",22
"['KCZ', 'KCN']",22
"['KCZ', 'KCN']",22
"['KCZ', 'KCN']",22
"['KCN', 'KCZ']",22
"['KCZ', 'KCN']",23
"['KCZ', 'KCN']",23
"['KCN', 'KCZ']",23
"['KCN', 'KCZ']",23
"['KCZ', 'KCN']",24
"['KCN', 'KCZ']",24
"['KCZ', 'KCN']",24
"['KCN', 'KCZ']",24
"['KCZ', 'KCN']",24
"['KCZ', 'KCN']",24
"['KCN', 'KCZ']",24
"['KCZ', 'KCN']",24
"['KCZ', 'KCN']",24
"['KCZ', 'KCN']",25
"['KCZ', 'KCN']",25
"['KCN', 'KCZ']",25
"['KCZ', 'KCN']",25
"['KCZ', 'KCN']",25
"['KCN', 'KCZ']",25
"['KCZ', 'KCN']",25
"['KCZ', 'KCN']",25
"['KCZ', 'KCN']",25
"['KCZ', 'KCN']",25
"['KCZ', 'KCN']",25
"['KCN', 'KCZ']",1
"['KCN', 'KCZ']",1
"['KCZ', 'KCN']",1
"['KCN', 'KCZ']",1
"['KCZ', 'KCN']",1
"['KCZ', 'KCN']",1
"['KCN', 'KCZ']",3
"['KCN', 'KCZ']",3
"['KCZ', 'KCN']",3
"['KCZ', 'KCN']",3
"['KCZ', 'KCN']",4
"['KCZ', 'KCN']",4
"['KCN', 'KCZ']",4
"['KCZ', 'KCN']",4
"['KCN', 'KCZ']",8
"['KCN', 'KCZ']",8
"['KCN', 'KCZ']",8
"['KCZ', 'KCN']",8
"['KCZ', 'KCN']",10
"['KCZ', 'KCN']",10
"['KCN', 'KCZ']",10
"['KCN', 'KCZ']",10
"['KCZ', 'KCN']",10
"['KCN', 'KCZ']",10
"['KCZ', 'KCN']",10
"['KCN', 'KCZ']",10
"['KCZ', 'KCN']",10
"['KCZ', 'KCN']",11
"['KCZ', 'KCN']",15
"['KCN', 'KCZ']",15
"['KCN', 'KCZ']",15
"['KCN', 'KCZ']",15
"['KCZ', 'KCN']",15
"['KCN', 'KCZ']",15
"['KCZ', 'KCN']",15
"['KCZ', 'KCN']",15
"['KCZ', 'KCN']",17
"['KCN', 'KCZ']",17
"['KCZ', 'KCN']",17
"['KCZ', 'KCN']",17
"['KCN', 'KCZ']",1
"['KCZ', 'KCN']",1
"['KCN', 'KCZ']",8
"['MCKG', 'KTC']",8
"['KCN', 'KCZ']",8
"['KCN', 'KCZ']",15
"['KCZ', 'KCN']",15
"['KCZ', 'KCN']",15
"['KCZ', 'KCN']",17
"['KCN', 'KCZ']",17
"['KCZ', 'KCN']",18
"['KCZ', 'KCN']",18
"['KCZ', 'KCN']",18
"['KCN', 'KCZ']",18
"['KCN', 'KCZ']",22
"['MCKG', 'KTC']",4
"['KCN', 'KCZ']",8
"['KCN', 'KCZ']",15
"['KCN', 'KCZ']",15
"['KCZ', 'KCN']",15
"['KCN', 'KCZ']",15
"['KCZ', 'KCN']",15
"['KCZ', 'KCN']",15
"['KCN', 'KCZ']",17
"['KCZ', 'KCN']",17
"['KCZ', 'KCN']",17
"['KCZ', 'KCN']",17
"['KCZ', 'KCN']",18
"['KCZ', 'KCN']",18
"['KCN', 'KCZ']",18
"['KCZ', 'KCN']",18
"['KCN', 'KCZ']",22
"['KCN', 'KCZ']",22
"['KCN', 'KCZ']",22
"['KCN', 'KCZ']",22
"['KCZ', 'KCN']",22
"['KCZ', 'KCN']",22
"['KCZ', 'KCN']",22
"['KCZ', 'KCN']",22
"['KCN', 'KCZ']",22
"['KCZ', 'KCN']",24
"['KCN', 'KCZ']",24
"['KCZ', 'KCN']",24
"['KCN', 'KCZ']",24
"['KCZ', 'KCN']",24
"['KCZ', 'KCN']",24
"['KCZ', 'KCN']",25
"['KCN', 'KCZ']",25
"['KCZ', 'KCN']",25
"['KCZ', 'KCN']",25
"['KCZ', 'KCN']",25
"['KCZ', 'KCN']",25
"['KCZ', 'KCN']",25
"['KCZ', 'KCN']",25
"['KCZ', 'KCN']",1
"['KCZ', 'KCN']",1
"['KCN', 'KCZ']",8
"['KCN', 'KCZ']",8
"['KCN', 'KCZ']",8
"['KCZ', 'KCN']",8
"['KCN', 'KCZ']",10
"['KCZ', 'KCN']",15
"['KCN', 'KCZ']",15
"['KCN', 'KCZ']",15
"['KCZ', 'KCN']",15
"['KCN', 'KCZ']",15
"['KCZ', 'KCN']",15
"['KCZ', 'KCN']",15
"['KCZ', 'KCN']",17
"['KCZ', 'KCN']",18
"['KCZ', 'KCN']",18
"['KCZ', 'KCN']",18
"['KCN', 'KCZ']",18
"['KCZ', 'KCN']",18
"['KCN', 'KCZ']",22
"['KCN', 'KCZ']",22
"['KCZ', 'KCN']",22
"['KCN', 'KCZ']",22
"['KCN', 'KCZ']",22
"['KCZ', 'KCN']",22
"['KCZ', 'KCN']",22
"['KCZ', 'KCN']",22
"['KCZ', 'KCN']",22
"['KCN', 'KCZ']",22
"['KCZ', 'KCN']",25
"['KCZ', 'KCN']",25
"['KCN', 'KCZ']",1
"['KCN', 'KCZ']",1
"['KCZ', 'KCN']",1
"['KCZ', 'KCN']",1
"['KCZ', 'KCN']",1
"['KCZ', 'KCN']",1
"['KCN', 'KCZ']",3
"['KCZ', 'KCN']",3
"['KCZ', 'KCN']",3
"['KCZ', 'KCN']",3
"['KCN', 'KCZ']",8
"['KCN', 'KCZ']",8
"['KCN', 'KCZ']",8
"['KCN', 'KCZ']",10
"['KCN', 'KCZ']",15
"['KCN', 'KCZ']",15
"['KCZ', 'KCN']",15
"['KCN', 'KCZ']",15
"['KCZ', 'KCN']",15
"['KCZ', 'KCN']",15
"['KCN', 'KCZ']",17
"['KCZ', 'KCN']",17
"['KCZ', 'KCN']",17
"['KCZ', 'KCN']",17
"['KCN', 'KCZ']",22
"['KCZ', 'KCN']",22
"['KCN', 'KCZ']",22
"['KCZ', 'KCN']",22
"['KCZ', 'KCN']",22
"['KCZ', 'KCN']",22
"['KCN', 'KCZ']",24
"['KCZ', 'KCN']",25
"['KCZ', 'KCN']",25
"['KCN', 'KCZ']",25
"['KCZ', 'KCN']",25
"['KCZ', 'KCN']",25
"['KCZ', 'KCN']",25
"['KCZ', 'KCN']",25
"['KCZ', 'KCN']",1
"['KCZ', 'KCN']",1
"['KCZ', 'KCN']",3
"['KCZ', 'KCN']",3
"['KCZ', 'KCN']",3
"['KCZ', 'KCN']",4
"['KCZ', 'KCN']",4
"['KCZ', 'KCN']",4
"['MCKG', 'KTC']",4
"['KCN', 'KCZ']",8
"['MCKG', 'KTC']",8
"['KCZ', 'KCN']",8
"['KCN', 'KCZ']",8
"['KCN', 'KCZ']",8
"['KCN', 'KCZ']",8
"['MCKG', 'KTC']",8
"['KCZ', 'KCN']",8
"['KCZ', 'KCN']",10
"['KCN', 'KCZ']",10
"['KCN', 'KCZ']",10
"['KCZ', 'KCN']",10
"['KCN', 'KCZ']",10
"['KCN', 'KCZ']",15
"['KCN', 'KCZ']",15
"['KCZ', 'KCN']",15
"['KCN', 'KCZ']",15
"['KCZ', 'KCN']",15
"['KCZ', 'KCN']",15
"['KCZ', 'KCN']",17
"['KCZ', 'KCN']",17
"['KCZ', 'KCN']",17
"['KCZ', 'KCN']",18
"['KCZ', 'KCN']",18
"['KCZ', 'KCN']",18
"['KCN', 'KCZ']",18
"['KCZ', 'KCN']",18
"['KCN', 'KCZ']",22
"['KCZ', 'KCN']",22
"['KCN', 'KCZ']",22
"['KCZ', 'KCN']",22
"['KCN', 'KCZ']",8
"['KCN', 'KCZ']",8
"['KCN', 'KCZ']",8
"['KCN', 'KCZ']",8
"['KCZ', 'KCN']",8
"['KCZ', 'KCN']",10
"['KCN', 'KCZ']",10
"['KCN', 'KCZ']",10
"['KCN', 'KCZ']",10
"['KCN', 'KCZ']",10
"['KCZ', 'KCN']",10
"['KCZ', 'KCN']",10
"['KCZ', 'KCN']",11
"['KCN', 'KCZ']",11
"['KCZ', 'KCN']",11
"['KCZ', 'KCN']",15
"['KCN', 'KCZ']",15
"['KCN', 'KCZ']",15
"['KCN', 'KCZ']",15
"['KCZ', 'KCN']",15
"['KCN', 'KCZ']",15
"['KCZ', 'KCN']",15
"['KCZ', 'KCN']",15
"['KCZ', 'KCN']",15
"['KCZ', 'KCN']",17
"['KCZ', 'KCN']",17
"['KCZ', 'KCN']",17
"['KCZ', 'KCN']",18
"['KCZ', 'KCN']",18
"['KCZ', 'KCN']",18
"['KCN', 'KCZ']",18
"['KCZ', 'KCN']",18
"['KCN', 'KCZ']",22
"['KCN', 'KCZ']",22
"['KCZ', 'KCN']",22
"['KCN', 'KCZ']",22
"['KCZ', 'KCN']",22
"['KCZ', 'KCN']",22
"['KCN', 'KCZ']",22
"['KCZ', 'KCN']",24
"['KCN', 'KCZ']",24
"['KCZ', 'KCN']",24
"['KCN', 'KCZ']",24
"['KCZ', 'KCN']",24
"['KCZ', 'KCN']",24
"['KCN', 'KCZ']",24
"['KCZ', 'KCN']",24
"['KCZ', 'KCN']",24
"['KCZ', 'KCN']",25
"['KCN', 'KCZ']",25
"['KCZ', 'KCN']",25
"['KCZ', 'KCN']",25
"['KCN', 'KCZ']",25
"['KCZ', 'KCN']",25
"['KCZ', 'KCN']",25
"['KCZ', 'KCN']",25
"['KCZ', 'KCN']",25
"['KCZ', 'KCN']",25
"['KCN', 'KCZ']",1
"['KCZ', 'KCN']",1
"['KCZ', 'KCN']",1
"['KCZ', 'KCN']",4
"['KCZ', 'KCN']",4
"['KCZ', 'KCN']",4
"['KCZ', 'KCN']",4
"['KCZ', 'KCN']",4
"['KCN', 'KCZ']",4
"['KCZ', 'KCN']",4
"['KCN', 'KCZ']",8
"['KCN', 'KCZ']",8
"['KCN', 'KCZ']",8
"['KCZ', 'KCN']",8
"['KCZ', 'KCN']",10
"['KCZ', 'KCN']",10
"['KCN', 'KCZ']",10
"['KCN', 'KCZ']",10
"['KCN', 'KCZ']",10
"['KCZ', 'KCN']",10
"['KCN', 'KCZ']",10
"['KCZ', 'KCN']",10
"['KCN', 'KCZ']",15
"['KCZ', 'KCN']",15
"['KCN', 'KCZ']",15
"['KCZ', 'KCN']",15
"['KCZ', 'KCN']",15
"['KCZ', 'KCN']",17
"['KCZ', 'KCN']",17
"['KCZ', 'KCN']",18
"['KCZ', 'KCN']",18
"['KCZ', 'KCN']",18
"['KCN', 'KCZ']",18
"['KCN', 'KCZ']",18
"['KCZ', 'KCN']",18
"['KCN', 'KCZ']",22
"['KCN', 'KCZ']",22
"['KCN', 'KCZ']",22
"['KCZ', 'KCN']",22
"['KCZ', 'KCN']",22
"['KCZ', 'KCN']",22
"['KCN', 'KCZ']",22
"['KCZ', 'KCN']",24
"['KCN', 'KCZ']",24
"['KCZ', 'KCN']",25
"['KCZ', 'KCN']",25
"['KCZ', 'KCN']",25
"['KCZ', 'KCN']",25
"['KCZ', 'KCN']",25
"['KCN', 'KCZ']",1
"['KCN', 'KCZ']",1
"['KCZ', 'KCN']",1
"['KCZ', 'KCN']",1
"['KCZ', 'KCN']",1
"['KCZ', 'KCN']",3
"['KCN', 'KCZ']",8
"['KCZ', 'KCN']",10
"['KCN', 'KCZ']",10
"['KCZ', 'KCN']",10
"['KCN', 'KCZ']",10
"['KCZ', 'KCN']",10
"['KCZ', 'KCN']",11
"['KCZ', 'KCN']",11
"['KCN', 'KCZ']",15
"['KCN', 'KCZ']",15
"['KCZ', 'KCN']",15
"['KCN', 'KCZ']",15
"['KCZ', 'KCN']",15
"['KCZ', 'KCN']",15
"['KCN', 'KCZ']",17
"['KCN', 'KCZ']",17
"['KCZ', 'KCN']",17
"['KCZ', 'KCN']",17
"['KCZ', 'KCN']",17
"['KCZ', 'KCN']",18
"['KCZ', 'KCN']",18
"['KCZ', 'KCN']",18
"['KCZ', 'KCN']",18
"['KCZ', 'KCN']",18
"['KCN', 'KCZ']",18
"['KCN', 'KCZ']",18
"['KCZ', 'KCN']",18
"['KCZ', 'KCN']",18
"['KCN', 'KCZ']",22
"['KCZ', 'KCN']",22
"['KCN', 'KCZ']",22
"['KCZ', 'KCN']",22
"['KCZ', 'KCN']",22
"['KCZ', 'KCN']",22
"['KCZ', 'KCN']",25
"['KCN', 'KCZ']",25
"['KCZ', 'KCN']",25
"['KCZ', 'KCN']",25
"['KCZ', 'KCN']",25
"['KCZ', 'KCN']",25
"['KCN', 'KCZ']",1
"['KCN', 'KCZ']",1
"['KCZ', 'KCN']",1
"['KCZ', 'KCN']",1
"['KCZ', 'KCN']",1
"['KCZ', 'KCN']",1
"['KCZ', 'KCN']",2
"['KCZ', 'KCN']",3
"['KCN', 'KCZ']",3
"['KCZ', 'KCN']",3
"['KCZ', 'KCN']",4
"['KCN', 'KCZ']",8
"['KCN', 'KCZ']",8
"['KCN', 'KCZ']",8
"['KCZ', 'KCN']",8
"['KCN', 'KCZ']",15
"['KCZ', 'KCN']",15
"['KCZ', 'KCN']",15
"['KCN', 'KCZ']",22
"['KCN', 'KCZ']",22
"['KCZ', 'KCN']",22
"['KCN', 'KCZ']",22
"['KCZ', 'KCN']",22
"['KCZ', 'KCN']",22
"['KCN', 'KCZ']",22
"['KCZ', 'KCN']",24
"['KCN', 'KCZ']",24
"['KCZ', 'KCN']",24
"['KCN', 'KCZ']",24
"['KCZ', 'KCN']",24
"['KCZ', 'KCN']",24
"['KCZ', 'KCN']",25
"['KCZ', 'KCN']",25
"['KCZ', 'KCN']",25
"['KCZ', 'KCN']",25
"['KCZ', 'KCN']",25
"['KCZ', 'KCN']",25
"['KCZ', 'KCN']",25
"['KCZ', 'KCN']",25
"['KCN', 'KCZ']",1
"['KCZ', 'KCN']",1
"['KCZ', 'KCN']",1
"['KCN', 'KCZ']",15
"['KCN', 'KCZ']",15
"['KCZ', 'KCN']",15
"['KCN', 'KCZ']",15
"['KCZ', 'KCN']",15
"['KCZ', 'KCN']",15
"['KCZ', 'KCN']",17
"['KCZ', 'KCN']",17
"['KCN', 'KCZ']",22
"['KCZ', 'KCN']",22
"['KCZ', 'KCN']",22
"['KCZ', 'KCN']",10
"['KCN', 'KCZ']",10
"['KCZ', 'KCN']",10
"['KCN', 'KCZ']",10
"['KCZ', 'KCN']",11
"['KCN', 'KCZ']",15
"['KCN', 'KCZ']",15
"['KCN', 'KCZ']",15
"['KCZ', 'KCN']",15
"['KCN', 'KCZ']",15
"['KCZ', 'KCN']",15
"['KCZ', 'KCN']",17
"['KCN', 'KCZ']",17
"['KCZ', 'KCN']",17
"['KCZ', 'KCN']",17
"['KCZ', 'KCN']",17
"['KCZ', 'KCN']",18
"['KCN', 'KCZ']",22
"['KCZ', 'KCN']",22
"['KCZ', 'KCN']",22
"['KCZ', 'KCN']",22
"['KCZ', 'KCN']",22
"['KCZ', 'KCN']",25
"['KCZ', 'KCN']",25
"['KCZ', 'KCN']",25
"['KCZ', 'KCN']",1
"['MCKG', 'KTC']",4
"['MCKG', 'KTC']",7
"['KCN', 'KCZ']",8
"['MCKG', 'KTC']",8
"['KCN', 'KCZ']",8
"['KCN', 'KCZ']",8
"['MCKG', 'KTC']",8
"['MCKG', 'KTC']",8
"['KCN', 'KCZ']",10
"['KCZ', 'KCN']",10
"['KCN', 'KCZ']",10
"['KCZ', 'KCN']",11
"['KCZ', 'KCN']",11
"['KCN', 'KCZ']",15
"['KCN', 'KCZ']",15
"['KCZ', 'KCN']",15
"['KCN', 'KCZ']",15
"['KCZ', 'KCN']",15
"['KCZ', 'KCN']",22
"['KCN', 'KCZ']",22
"['KCZ', 'KCN']",22
"['KCN', 'KCZ']",24
"['KCZ', 'KCN']",25
"['KCN', 'KCZ']",25
"['KCZ', 'KCN']",25
"['KCN', 'KCZ']",8
"['KCN', 'KCZ']",8
"['KCN', 'KCZ']",8
"['KCN', 'KCZ']",10
"['KCN', 'KCZ']",10
"['KCZ', 'KCN']",10
"['KCN', 'KCZ']",15
"['KCZ', 'KCN']",15
"['KCZ', 'KCN']",17
"['KCZ', 'KCN']",17
"['KCZ', 'KCN']",18
"['KCZ', 'KCN']",18
"['KCZ', 'KCN']",18
"['KCZ', 'KCN']",18
"['KCN', 'KCZ']",18
"['KCN', 'KCZ']",22
"['KCZ', 'KCN']",22
"['KCN', 'KCZ']",22
"['KCN', 'KCZ']",22
"['KCZ', 'KCN']",22
"['KCN', 'KCZ']",22
"['KCZ', 'KCN']",22
"['KCZ', 'KCN']",22
"['KCN', 'KCZ']",22
"['KCN', 'KCZ']",23
"['KCZ', 'KCN']",24
"['KCN', 'KCZ']",24
"['KCN', 'KCZ']",24
"['KCZ', 'KCN']",24
"['KCN', 'KCZ']",24
"['KCZ', 'KCN']",24
"['KCZ', 'KCN']",25
"['KCN', 'KCZ']",25
"['KCZ', 'KCN']",25
"['MCKG', 'KTC']",4
"['KCN', 'KCZ']",8
"['KCZ', 'KCN']",18
"['KCN', 'KCZ']",22
"['KCN', 'KCZ']",22
"['KCZ', 'KCN']",22
"['KCZ', 'KCN']",22
"['KCZ', 'KCN']",25
"['KCZ', 'KCN']",25
"['KCZ', 'KCN']",25
"['KCZ', 'KCN']",1
"['KCZ', 'KCN']",1
"['KCN', 'KCZ']",8
"['KCN', 'KCZ']",8
"['KCN', 'KCZ']",8
"['KCZ', 'KCN']",8
"['KCZ', 'KCN']",10
"['KCN', 'KCZ']",10
"['KCN', 'KCZ']",10
"['KCN', 'KCZ']",10
"['KCZ', 'KCN']",10
"['KCN', 'KCZ']",10
"['KCZ', 'KCN']",10
"['KCZ', 'KCN']",10
"['KCZ', 'KCN']",11
"['KCZ', 'KCN']",11
"['KCZ', 'KCN']",11
"['KCN', 'KCZ']",15
"['KCZ', 'KCN']",15
"['KCZ', 'KCN']",15
"['KCN', 'KCZ']",22
"['KCZ', 'KCN']",22
"['KCN', 'KCZ']",22
"['KCZ', 'KCN']",22
"['KCZ', 'KCN']",22
"['KCZ', 'KCN']",22
"['KCZ', 'KCN']",4
"['KCN', 'KCZ']",4
"['KCN', 'KCZ']",8
"['MCKG', 'KTC']",8
"['KCN', 'KCZ']",8
"['KCN', 'KCZ']",8
"['MCKG', 'KTC']",8
"['MCKG', 'KTC']",8
"['KCZ', 'KCN']",15
"['KCN', 'KCZ']",15
"['KCZ', 'KCN']",17
"['KCZ', 'KCN']",17
"['KCZ', 'KCN']",18
"['KCZ', 'KCN']",18
"['KCN', 'KCZ']",22
"['KCN', 'KCZ']",22
"['KCZ', 'KCN']",22
"['KCN', 'KCZ']",22
"['KCZ', 'KCN']",22
"['KCZ', 'KCN']",22
"['KCZ', 'KCN']",22
"['KCN', 'KCZ']",22
"['KCZ', 'KCN']",24
"['KCN', 'KCZ']",24
"['KCN', 'KCZ']",24
"['KCZ', 'KCN']",24
"['KCN', 'KCZ']",24
"['KCZ', 'KCN']",24
"['KCZ', 'KCN']",24
"['KCZ', 'KCN']",25
"['KCN', 'KCZ']",25
"['KCZ', 'KCN']",25
"['KCZ', 'KCN']",25
"['KCZ', 'KCN']",25
"['KCZ', 'KCN']",25
"['KCZ', 'KCN']",25
"['KCN', 'KCZ']",1
"['KCZ', 'KCN']",1
"['KCN', 'KCZ']",1
"['KCN', 'KCZ']",1
"['KCZ', 'KCN']",1
"['KCZ', 'KCN']",1
"['KCZ', 'KCN']",1
"['KCZ', 'KCN']",3
"['KCN', 'KCZ']",3
"['KCZ', 'KCN']",3
"['KCZ', 'KCN']",3
"['KCZ', 'KCN']",3
"['KCZ', 'KCN']",4
"['KCZ', 'KCN']",4
"['KCZ', 'KCN']",4
"['KCZ', 'KCN']",4
"['KCZ', 'KCN']",4
"['KCN', 'KCZ']",4
"['KCZ', 'KCN']",4
"['KCZ', 'KCN']",4
"['KCN', 'KCZ']",8
"['KCZ', 'KCN']",8
"['KCN', 'KCZ']",8
"['KCN', 'KCZ']",8
"['KCN', 'KCZ']",8
"['KCZ', 'KCN']",8
"['KCN', 'KCZ']",9
"['KCN', 'KCZ']",9
"['KCZ', 'KCN']",10
"['KCN', 'KCZ']",10
"['KCN', 'KCZ']",10
"['KCZ', 'KCN']",10
"['KCN', 'KCZ']",10
"['KCZ', 'KCN']",11
"['KCN', 'KCZ']",11
"['KCZ', 'KCN']",11
"['KCZ', 'KCN']",11
"['KCZ', 'KCN']",14
"['KCZ', 'KCN']",15
"['KCN', 'KCZ']",15
"['KCN', 'KCZ']",15
"['KCN', 'KCZ']",15
"['KCN', 'KCZ']",15
"['KCZ', 'KCN']",15
"['KCZ', 'KCN']",15
"['KCZ', 'KCN']",15
"['KCZ', 'KCN']",17
"['KCN', 'KCZ']",17
"['KCN', 'KCZ']",17
"['KCZ', 'KCN']",17
"['KCN', 'KCZ']",17
"['KCZ', 'KCN']",17
"['KCZ', 'KCN']",17
"['KCZ', 'KCN']",18
"['KCZ', 'KCN']",18
"['KCZ', 'KCN']",18
"['KCZ', 'KCN']",18
"['KCZ', 'KCN']",18
"['KCZ', 'KCN']",18
"['KCN', 'KCZ']",18
"['KCZ', 'KCN']",18
"['KCN', 'KCZ']",22
"['KCN', 'KCZ']",22
"['KCN', 'KCZ']",22
"['KCZ', 'KCN']",22
"['KCN', 'KCZ']",22
"['KCZ', 'KCN']",22
"['KCZ', 'KCN']",22
"['KCZ', 'KCN']",22
"['KCZ', 'KCN']",22
"['KCN', 'KCZ']",22
"['KCN', 'KCZ']",23
"['KCZ', 'KCN']",24
"['KCN', 'KCZ']",24
"['KCN', 'KCZ']",24
"['KCZ', 'KCN']",24
"['KCZ', 'KCN']",24
"['KCZ', 'KCN']",25
"['KCZ', 'KCN']",25
"['KCN', 'KCZ']",25
"['KCZ', 'KCN']",25
"['KCZ', 'KCN']",25
"['KCN', 'KCZ']",25
"['KCZ', 'KCN']",25
"['KCZ', 'KCN']",25
"['KCZ', 'KCN']",25
